loss,delay,fast_recovery,md5_hash,ttc
50,20,False,None,38.23684000968933
50,20,False,None,6.243992328643799
50,20,False,None,22.177144527435303
50,20,False,None,16.260758638381958
50,20,False,None,10.194074630737305
