loss,delay,fast_recovery,md5_hash,ttc
10,20,True,None,20.270862340927124
10,20,True,None,18.24957799911499
10,20,True,None,27.26187515258789
10,20,True,None,21.24980664253235
10,20,True,None,23.246683359146118
10,20,False,None,19.242912769317627
10,20,False,None,33.21009540557861
10,20,False,None,28.2771098613739
10,20,False,None,27.200506687164307
