loss,delay,fast_recovery,md5_hash,ttc
1,20,True,None,3.2143499851226807
1,20,True,None,3.205242156982422
1,20,True,None,3.204843282699585
1,20,True,None,3.2163028717041016
1,20,True,None,3.208552598953247
1,20,False,None,3.2021379470825195
1,20,False,None,3.2060458660125732
1,20,False,None,5.199948072433472
1,20,False,None,5.209885835647583
1,20,False,None,3.2132418155670166
