loss,delay,fast_recovery,md5_hash,ttc
50,20,True,None,6.270782709121704
50,20,True,None,30.301350116729736
50,20,True,None,26.31551170349121
50,20,True,None,12.289019346237183
50,20,True,None,16.2969491481781
