loss,delay,fast_recovery,md5_hash,ttc
15,20,False,None,10.62094521522522
15,20,False,None,10.652674198150635
15,20,False,None,4.587693929672241
